{
  "loss": [
    1.9145262360572814,
    1.2267134487628937,
    0.9418287217617035,
    0.7649258673191071,
    0.6466636210680008,
    0.568702119588852,
    0.5077407076954842,
    0.46556770652532575,
    0.43264694064855574,
    0.4000670924782753,
    0.38464525789022447,
    0.37014696598052976,
    0.36376122534275057,
    0.3532464563846588,
    0.350521445274353
  ],
  "miou": [
    0.02867712855748965,
    0.13484967307112505,
    0.14779625118934675,
    0.1674452504144681,
    0.18887190154262684,
    0.20409910119454588,
    0.21733415589538013,
    0.22543788923615948,
    0.23576794479615878,
    0.2524163839262678,
    0.25156800940149093,
    0.2668578898236778,
    0.2763026609527941,
    0.2786462198500721,
    0.27660674526445234
  ],
  "mdice": [
    0.043763728377290936,
    0.15810946830009373,
    0.16979268299540537,
    0.19549897499254903,
    0.22363032292167243,
    0.23951414963390466,
    0.2524431663943955,
    0.26499554780032786,
    0.2735283524353057,
    0.2952440639614281,
    0.29300576535678935,
    0.30760535163507374,
    0.31601332175668767,
    0.31703791374472556,
    0.31508666278550457
  ]
}